fold,test_start,test_end,diff_etf7,diff_sector10,diff_cluster_mean
0,2015-01-02,2015-06-26,-0.014547282960717497,-0.008609098701104401,-0.01157819083091095
1,2015-07-03,2015-12-25,-0.007886330565612902,-0.011076796073098798,-0.00948156331935585
2,2016-01-01,2016-06-24,-0.014844818265744901,-0.009541483131836198,-0.01219315069879055
3,2016-07-01,2016-12-23,-0.0024778454136971974,-0.005683798045878801,-0.004080821729787999
4,2016-12-30,2017-06-23,-0.0011936794258734004,-0.0026787533029080995,-0.00193621636439075
5,2017-06-30,2017-12-22,-0.005726452295957301,-0.0030271928052157003,-0.004376822550586501
6,2017-12-29,2018-06-22,-0.0059277848602938,-0.020673400663938902,-0.013300592762116351
7,2018-06-29,2018-12-21,0.0,-0.029571145594825793,-0.014785572797412896
8,2018-12-28,2019-06-21,0.0,0.0,0.0
9,2019-06-28,2019-12-20,-0.006380618520585,-0.012291664881974399,-0.0093361417012797
10,2019-12-27,2020-06-19,-0.0231152577048533,-0.0211250619630146,-0.02212015983393395
11,2020-06-26,2020-12-18,0.0,-0.003982424765318994,-0.001991212382659497
12,2020-12-25,2021-06-18,0.0,-0.0009181685998745012,-0.0004590842999372506
13,2021-06-25,2021-12-17,0.0,-0.003045274703281,-0.0015226373516405
14,2021-12-24,2022-06-17,0.0,-0.0007000719495757965,-0.00035003597478789825
15,2022-06-24,2022-12-16,0.0,0.002327972904114999,0.0011639864520574996
16,2022-12-23,2023-06-16,0.0,0.0,0.0
17,2023-06-23,2023-12-15,0.0,-0.006864579746650501,-0.0034322898733252505
18,2023-12-22,2024-06-14,0.0,-0.013507211222536798,-0.006753605611268399
19,2024-06-21,2024-12-13,0.0,-0.022076659637273996,-0.011038329818636998
