arm,seed,sharpe,cvar_99,breach_rate,final_lam,selection_rule,selected_update,n_feasible,n_evals,filter_fired,filter_steps,mean_l1_to_anchor,max_abs_diff_vs_committed
A5_filter_only,7,0.9877768644168397,0.0270761149098995,0.0790697674418604,0.0031164989527128,feasible,300,7,30,0.0,257.0,0.1241128417401888,6.938893903907227e-17
A5_filter_only,13,0.9863275474765628,0.0244089799000975,0.0790697674418604,0.0026894514484181,feasible,450,10,30,0.0,257.0,0.0976663191107249,1.1102230246251563e-16
A5_filter_only,23,1.0272703868352726,0.0224129909272015,0.0790697674418604,0.0027567765529304,feasible,250,6,30,0.0,257.0,0.0946648640095706,6.938893903907227e-17
A5_filter_only,42,0.9488687529337744,0.0280437918177951,0.0790697674418604,0.0027980184197723,feasible,500,11,30,0.0,257.0,0.1679582567058332,1.1102230246251563e-16
A5_filter_only,2025,0.9826897634117704,0.0248932452055798,0.0790697674418604,0.0029943175191581,feasible,350,8,30,0.0,257.0,0.0982705203502558,6.938893903907227e-17
A6_filter_scaled_dual,7,0.8615804330971258,0.0155099421078698,0.0744186046511627,0.184685858897865,feasible,900,9,30,106.0,257.0,0.5213288244488202,8.326672684688674e-17
A6_filter_scaled_dual,13,0.8111061292563433,0.0176961050490627,0.0744186046511627,0.1628372457064695,feasible,900,13,30,143.0,257.0,0.4784114531287238,8.326672684688674e-17
A6_filter_scaled_dual,23,0.771963304821037,0.0157995165065001,0.0744186046511627,0.0838631342910233,feasible,550,8,30,149.0,257.0,0.5684202578013229,8.326672684688674e-17
A6_filter_scaled_dual,42,0.9906575001522157,0.0168993871807341,0.0744186046511627,0.1642509611323481,feasible,1250,12,30,63.0,257.0,0.4272114286152151,8.326672684688674e-17
A6_filter_scaled_dual,2025,0.8214282550921436,0.0164617541961043,0.0744186046511627,0.0768597011826934,feasible,1150,10,30,121.0,257.0,0.5135565047096824,8.326672684688674e-17
buggy,7,0.9877769369717176,0.0270761139704928,0.0790697674418604,0.022270472054623,feasible,300,7,30,,,0.1241128379395363,6.938893903907227e-17
buggy,13,0.9863299282661117,0.0244089339621562,0.0790697674418604,0.019838728353396,feasible,450,10,30,,,0.0976645322903817,6.938893903907227e-17
buggy,23,1.0272703267512475,0.0224129934251923,0.0790697674418604,0.0216768636361733,feasible,250,6,30,,,0.0946648613678958,2.220446049250313e-16
buggy,42,0.9497243276498898,0.0280474331461248,0.0790697674418604,0.0227038025553748,feasible,500,11,30,,,0.1675953657758291,8.673617379884034e-17
buggy,2025,0.9826855990768882,0.0248932422510395,0.0790697674418604,0.0211859943145438,feasible,350,8,30,,,0.0982725281959733,7.63278329429795e-17
feasible,7,0.5329844603923272,0.0510669917171184,0.827906976744186,0.0923285343348974,feasible,1300,29,30,,,1.3412805649723645,8.326672684688674e-17
feasible,13,0.5212441603456657,0.0474748870340218,0.6976744186046512,0.0662249209359287,feasible,1050,28,30,,,1.2730801057669954,8.326672684688674e-17
feasible,23,0.5483585653350023,0.0519443815292374,0.827906976744186,0.0733833246827125,feasible,1400,29,30,,,1.348835564637576,4.8572257327350605e-17
feasible,42,0.5485792275892682,0.0510948868167749,0.7302325581395349,0.0,feasible,1100,29,30,,,1.317753061447149,1.3877787807814457e-17
feasible,2025,0.561854643836079,0.0485859635463143,0.813953488372093,0.0,feasible,1200,28,30,,,1.3546570183468618,9.020562075079396e-17
fixed,7,0.8975453032010996,0.0250635453703506,0.7302325581395349,0.2595572533831009,feasible,1300,25,30,,,0.8982058172895694,5.551115123125783e-17
fixed,13,0.9309338266902744,0.0324603115527876,0.7953488372093023,0.1269987099803984,feasible,1250,29,30,,,0.8959309131255557,1.1102230246251563e-16
fixed,23,0.9601865060192128,0.0216265892946384,0.7209302325581395,0.0581893795728683,feasible,600,26,30,,,0.8560261459476686,1.3877787807814457e-17
fixed,42,0.9242803307752115,0.0300408812100489,0.7302325581395349,0.003771879654378,feasible,950,27,30,,,0.8301117787324529,6.938893903907227e-17
fixed,2025,0.8438023558284222,0.0311781797059815,0.7767441860465116,0.0571966199763124,feasible,950,29,30,,,0.8206028353514899,6.245004513516506e-17
unconstrained,7,0.6413424862996269,0.0583859302745285,1.0,0.0,best_val,400,7,30,,,1.054896309949046,7.63278329429795e-17
unconstrained,13,0.6225338803524448,0.0637271560529258,1.0,0.0,best_val,500,10,30,,,1.089855088682434,5.551115123125783e-17
unconstrained,23,0.5163552502640418,0.0589478822574336,1.0,0.0,best_val,300,6,30,,,1.231773936611362,1.3877787807814457e-17
unconstrained,42,0.7569164165132217,0.0717784504359191,1.0,0.0,best_val,550,11,30,,,1.024088169186936,1.3877787807814457e-17
unconstrained,2025,0.5934887722086273,0.0707135623521398,1.0,0.0,best_val,400,8,30,,,1.1700879451860775,2.7755575615628914e-17
