fold,cvar99_con,cvar99_unc,sharpe_con
0,0.014553153885988662,0.02316225258709306,0.1292997643938287
1,0.031188990035381177,0.04226578610847996,0.2326085897464402
2,0.030807552769786816,0.040349035901623,0.6138305088475481
3,0.017180890513846234,0.022864688559725063,1.2720895288656953
4,0.005789560224496961,0.008468313527405001,3.1911249422706502
5,0.006722339274025771,0.00974953207924144,2.9357045451780617
6,0.03065393243700867,0.05132733310094751,0.3455760760198959
7,0.03904205185534143,0.06861319745016724,-1.086378896135759
8,0.016102440157940812,0.016102440157940812,3.4031776434224303
9,0.010898984475839873,0.02319064935781424,2.829612617839284
10,0.09150582375040742,0.11263088571342206,0.0971014223126053
11,0.0322162442424524,0.03619866900777146,2.060280326338487
12,0.01942620905656902,0.02034437765644353,1.756729070988783
13,0.01433214229020829,0.017377416993489297,2.336709273303769
14,0.036062062513377714,0.03676213446295355,-1.702710918411687
15,0.029113672076537856,0.026785699172422805,0.8184626414416192
16,0.02683410374937523,0.02683410374937523,1.352484058856748
17,0.015783524247606283,0.02264810399425671,1.078105284284439
18,0.012622559611097766,0.026129770833634512,2.921470081287511
19,0.019056678314097946,0.04113333795137199,1.6582451523289259
