fold,seed,d_fold,breach_rate,mean_excess_when_breaching,n_test_weeks_scored,final_lam
0,7,0.007093969919160642,0.8846153846153846,0.0044182094160130966,52,0.3338488620706249
0,13,0.007093969919160642,0.8846153846153846,0.002323511670743693,52,0.25246145198846115
0,23,0.007093969919160642,0.8846153846153846,0.0027841082393735574,52,0.0720682341391426
1,7,0.014084886217358655,0.0,0.0,52,0.2042540236185516
1,13,0.014084886217358655,0.0,0.0,52,0.25368827092901997
1,23,0.014084886217358655,0.0,0.0,52,0.1635696151433652
2,7,0.0096623908361191,0.0,0.0,52,0.20282805730198494
2,13,0.0096623908361191,0.0,0.0,52,0.2656945669615664
2,23,0.0096623908361191,0.0,0.0,52,0.21116680299086332
3,7,0.009797968341432905,0.8846153846153846,0.010547005319822594,52,0.2707467905973865
3,13,0.009797968341432905,0.8846153846153846,0.009781790936894432,52,0.18849344485118358
3,23,0.009797968341432905,0.8846153846153846,0.0107625626159623,52,0.09019763842555178
4,7,0.014090065316283403,0.0,0.0,52,0.07280930670444441
4,13,0.014090065316283403,0.0,0.0,52,0.02145651713527299
4,23,0.014090065316283403,0.0,0.0,52,0.1619842380639335
5,7,0.005514676926562459,0.8076923076923077,0.019968519655774553,52,0.1289395324128197
5,13,0.005514676926562459,0.8076923076923077,0.013717888533801945,52,0.18894242002963876
5,23,0.005514676926562459,0.8076923076923077,0.012611883640435825,52,0.11728626677382002
6,7,0.04354861824675993,0.0,0.0,52,0.0
6,13,0.04354861824675993,0.0,0.0,52,0.03408625773360541
6,23,0.04354861824675993,0.0,0.0,52,0.0
7,7,0.007941703408283861,1.0,0.005165289253762019,52,0.021843427116730346
7,13,0.007941703408283861,0.9038461538461539,0.003535778166423565,52,0.21641050450141866
7,23,0.007941703408283861,1.0,0.004855644698964793,52,0.0
8,7,0.017216905289190093,0.0,0.0,52,0.0
8,13,0.017216905289190093,0.0,0.0,52,0.20257946559250575
8,23,0.017216905289190093,0.0,0.0,52,0.0
9,7,0.007077822918816388,0.0,0.0,52,0.0
9,13,0.007077822918816388,0.0,0.0,52,0.0
9,23,0.007077822918816388,0.0,0.0,52,0.0
