arm,seed,mean_L1,mean_L2,mean_corr,frac_top_asset_differs,mean_turnover_arm,mean_turnover_minvar
A5_filter_only,7,0.48697406717650843,0.26166963067953475,0.7698788585925463,0.0898876404494382,0.022909679311955297,0.011253371819892737
A5_filter_only,13,0.4609807010564544,0.24619203483165794,0.8040334303436999,0.09737827715355805,0.02295061593871169,0.011253371819892737
A5_filter_only,23,0.45894709969945674,0.23980630219331384,0.8176853891854675,0.09737827715355805,0.023088156007467782,0.011253371819892737
A5_filter_only,42,0.5066049677652006,0.2741962045352838,0.7418930948627012,0.0898876404494382,0.022818428158340173,0.011253371819892737
A5_filter_only,2025,0.4670370855057959,0.24992470817309326,0.7959813754171547,0.09737827715355805,0.022978039863117576,0.011253371819892737
A6_filter_scaled_dual,7,0.608662865184553,0.276969086321994,0.7220069966252847,0.19850187265917604,0.03507369834713086,0.011253371819892737
A6_filter_scaled_dual,13,0.6060621317228584,0.27903912856253094,0.7186722996124545,0.11235955056179775,0.03405607467488678,0.011253371819892737
A6_filter_scaled_dual,23,0.6224335485895947,0.2820575488102779,0.7037378875176784,0.3258426966292135,0.036487320483351904,0.011253371819892737
A6_filter_scaled_dual,42,0.5814928883723457,0.2721940467059749,0.7447610189170626,0.0749063670411985,0.029357230636501936,0.011253371819892737
A6_filter_scaled_dual,2025,0.6178001481590041,0.2813992144660235,0.7121910686777915,0.1797752808988764,0.03455891441210787,0.011253371819892737
A7_adaptive_dual,7,1.0517422642038559,0.5052619706074228,-0.08924110172272451,0.9625468164794008,0.03607805087495608,0.011253371819892737
A7_adaptive_dual,13,0.8026729215968119,0.3571282667570887,0.4079212196485804,0.5243445692883895,0.038335654785414765,0.011253371819892737
A7_adaptive_dual,23,1.0847811049821534,0.5020063271267388,-0.130112639927661,0.9812734082397003,0.03628166604696497,0.011253371819892737
A7_adaptive_dual,42,0.9450435393416672,0.4257664283258136,0.0871920901824398,0.9662921348314607,0.03710357633427226,0.011253371819892737
A7_adaptive_dual,2025,1.2068338687819928,0.5555723171246912,-0.2785182127947312,0.9550561797752809,0.03488567682375707,0.011253371819892737
A8_filter_adaptive_dual,7,0.5899774666166262,0.26812980414146564,0.7381184121689706,0.29213483146067415,0.036047135751019,0.011253371819892737
A8_filter_adaptive_dual,13,0.6145151361864074,0.2791260715218018,0.7175517164586384,0.1760299625468165,0.034811791116756065,0.011253371819892737
A8_filter_adaptive_dual,23,0.5325146736133216,0.24302775809479615,0.837652350397298,0.14606741573033707,0.029109044169063895,0.011253371819892737
A8_filter_adaptive_dual,42,0.6058700089009429,0.2852169013265152,0.7110460097460779,0.07116104868913857,0.030753507302600572,0.011253371819892737
A8_filter_adaptive_dual,2025,0.5973201203617202,0.2771091566281638,0.7247518318654256,0.10486891385767791,0.032522489116248554,0.011253371819892737
