arm,seed,sharpe,cvar_99,max_drawdown,avg_turnover,final_lam_train,final_lam_eval,mean_shrink_train,breach_rate,mean_breach_magnitude,worst_breach_magnitude,worst_rolling_cvar99_like,n_weeks_scored
A5_filter_only,7,0.9877768644168397,0.027076114909899557,0.0732260054250855,0.023973104073111418,0.0031164989527128614,0.0031164989527128614,0.45389258620136,0.07906976744186046,0.014176417598536013,0.015076114909899557,0.027076114909899557,215
A5_filter_only,13,0.9863275474765627,0.024408979900097577,0.065491297130852,0.023900372113164804,0.0026894514484181956,0.0026894514484181956,0.5330427890730215,0.07906976744186046,0.011691538671714597,0.012408979900097577,0.024408979900097577,215
A5_filter_only,23,1.0272703868352726,0.022412990927201545,0.05810049985207799,0.02403253154658825,0.002756776552930471,0.002756776552930471,0.4964040106161747,0.07906976744186046,0.00980476976060615,0.010412990927201545,0.022412990927201545,215
A5_filter_only,42,0.9488687529337743,0.02804379181779515,0.0754962936872633,0.02431318417103287,0.0027980184197723868,0.0027980184197723868,0.536169531941135,0.07906976744186046,0.015127775308430968,0.01604379181779515,0.02804379181779515,215
A5_filter_only,2025,0.9826897634117704,0.024893245205579867,0.06666845870672955,0.02390511369827352,0.002994317519158124,0.002994317519158124,0.47662145668315975,0.07906976744186046,0.012150415550818599,0.012893245205579867,0.024893245205579867,215
A6_filter_scaled_dual,7,0.8615804330971258,0.01550994210786981,0.08233519013630886,0.036814995357066706,0.184685858897865,0.184685858897865,0.8449528754943925,0.07441860465116279,0.0033462549275877903,0.0035099421078698106,0.01550994210786981,215
A6_filter_scaled_dual,13,0.8111061292563433,0.017696105049062775,0.09009248207216558,0.03580118300943776,0.16283724570646957,0.16283724570646957,0.8621093687114793,0.07441860465116279,0.0054733312603132064,0.005696105049062775,0.017696105049062775,215
A6_filter_scaled_dual,23,0.771963304821037,0.015799516506500126,0.09069359062759808,0.03822332302835807,0.08386313429102332,0.08386313429102332,0.8484005941783541,0.07441860465116279,0.0036716993562819324,0.003799516506500126,0.015799516506500126,215
A6_filter_scaled_dual,42,0.9906575001522157,0.0168993871807341,0.07242139565568362,0.031119937637863356,0.1642509611323481,0.1642509611323481,0.8749664304878622,0.07441860465116279,0.004606721129699708,0.004899387180734099,0.0168993871807341,215
A6_filter_scaled_dual,2025,0.8214282550921436,0.01646175419610432,0.08744169607542618,0.0363021394517629,0.07685970118269347,0.07685970118269347,0.857501113250336,0.07441860465116279,0.004275978286690445,0.004461754196104319,0.01646175419610432,215
A7_adaptive_dual,7,0.7795944724997326,0.027417645255861364,0.13477200050611526,0.03781558626493751,0.23337286068126573,7.25693748419117,,0.8511627906976744,0.004859894926532751,0.015417645255861364,0.027417645255861364,215
A7_adaptive_dual,13,0.8373891816560539,0.03733778266428745,0.10620160658681521,0.04006473473003868,0.0972617111541334,7.26847635697405,,0.6883720930232559,0.004020264861006572,0.02533778266428745,0.03733778266428745,215
A7_adaptive_dual,23,0.859434170047031,0.028041169628833972,0.12483649661863727,0.038018438833305926,0.05526324786245823,7.29762093455286,,0.8232558139534883,0.004841078654595299,0.016041169628833972,0.028041169628833972,215
A7_adaptive_dual,42,0.8631845297333824,0.028357209454087384,0.11613646559637525,0.038837270804930414,0.0,6.117796608933904,,0.7953488372093023,0.0038679162807080903,0.016357209454087383,0.028357209454087384,215
A7_adaptive_dual,2025,0.7904985005018899,0.0323369416314351,0.15392799488093567,0.03662767803415498,0.12100438173860367,10.517446425987684,,0.9348837209302325,0.006471825116392769,0.0203369416314351,0.0323369416314351,215
A8_filter_adaptive_dual,7,0.8887684453987066,0.013485091639205067,0.0752108290741621,0.03778478692798148,0.1906009938940408,0.0,0.829974442023944,0.07441860465116279,0.0013887240959028309,0.0014850916392050665,0.013485091639205067,215
A8_filter_adaptive_dual,13,0.8342765432397587,0.01821039606378314,0.0885556544589493,0.03655406905264836,0.15431877290830087,0.0,0.8387187205853428,0.1813953488372093,0.0024618444520169425,0.0062103960637831385,0.01821039606378314,215
A8_filter_adaptive_dual,23,0.6530936869603635,0.030409009543033938,0.09583973918502076,0.030872680707756544,0.11483352120965722,3.2834114013031335,0.8339971415672041,0.32558139534883723,0.005760629316767166,0.018409009543033938,0.030409009543033938,215
A8_filter_adaptive_dual,42,0.8439854848968745,0.017802229653262912,0.08780064541496269,0.032510984803339894,0.15398830303922345,0.0,0.8663425031934163,0.07441860465116279,0.005575807670588268,0.0058022296532629115,0.017802229653262912,215
A8_filter_adaptive_dual,2025,0.7794720382533188,0.018130735514059804,0.09055789988723573,0.03427334121693676,0.07337921114638468,0.0,0.8334722429502602,0.07441860465116279,0.005923367391039961,0.006130735514059803,0.018130735514059804,215
